Date,Shop,Country,Visitors,Earnings
2021-01-10,Metro,DE,30861,663462
2021-01-10,IKEA,GB,45071,233363
2021-01-10,H&M,US,64099,488619
2021-01-10,Walmart,DE,49261,271064
2021-01-10,IKEA,FR,65216,615775
2021-01-11,IKEA,DE,7618,126885
2021-01-11,IKEA,RU,38168,775906
2021-01-11,IKEA,FR,12712,689709
2021-01-11,Prisma,FR,91555,522156
2021-01-11,Zara,GB,23137,648510
2021-01-12,Walmart,FR,55823,398248
2021-01-12,H&M,DE,49960,375156
2021-01-12,Prisma,CA,14395,600684
2021-01-12,Prisma,DE,45102,503707
2021-01-12,IKEA,CA,77766,277438
2021-01-12,Zara,RU,76158,490269
2021-01-12,Metro,CA,36083,299055
2021-01-12,Zara,GB,57544,951289
2021-01-12,Metro,US,44291,420344
2021-01-12,Walmart,CA,78902,18621
2021-01-12,IKEA,DE,36594,521777
2021-01-12,H&M,RU,39740,563498
2021-01-12,IKEA,US,64811,207740
2021-01-13,IKEA,DE,48680,387372
2021-01-13,Prisma,CA,39505,237616
2021-01-13,H&M,RU,27367,467832
2021-01-13,H&M,DE,51687,839495
2021-01-13,IKEA,US,96214,768227
2021-01-13,Zara,FR,52287,391053
2021-01-13,Walmart,US,49206,298139
2021-01-13,Prisma,FR,9884,318043
2021-01-13,Prisma,GB,91283,371167
2021-01-14,Walmart,GB,52912,801695
2021-01-14,H&M,GB,51359,642632
2021-01-14,IKEA,DE,21788,327258
2021-01-14,Prisma,GB,61955,44836
2021-01-14,Metro,FR,14319,306776
2021-01-14,Prisma,FR,60899,720781
2021-01-14,Prisma,DE,69755,128317
2021-01-14,Metro,US,97819,710634
2021-01-14,Walmart,US,89950,784226
2021-01-15,H&M,GB,14765,894367
2021-01-15,IKEA,GB,49103,569316
2021-01-15,Walmart,DE,34368,932902
2021-01-15,H&M,US,97181,796574
2021-01-15,Zara,DE,25616,885017
2021-01-15,H&M,FR,76658,181406
2021-01-15,Walmart,CA,7490,571871
2021-01-15,IKEA,US,88103,218305
2021-01-15,H&M,CA,88567,738978
2021-01-15,H&M,RU,83834,918610
2021-01-16,Walmart,DE,62665,455151
2021-01-16,Metro,GB,14579,169658
2021-01-16,Prisma,DE,430,822654
2021-01-16,Prisma,FR,88519,719044
2021-01-16,Walmart,US,61915,828076
2021-01-16,Prisma,US,78336,337204
2021-01-16,Walmart,CA,28076,443406
2021-01-16,Metro,FR,71754,731464
2021-01-17,Zara,CA,92049,523339
2021-01-17,Metro,US,1411,440814
2021-01-17,Walmart,RU,52985,652458
2021-01-17,Zara,US,85590,961115
2021-01-17,Zara,FR,37069,241339
2021-01-17,H&M,FR,2103,59112
2021-01-17,IKEA,CA,58736,44974
2021-01-17,Prisma,FR,51027,606540
2021-01-17,Prisma,DE,93807,644579
2021-01-17,Walmart,US,53819,148798
2021-01-17,Prisma,US,73589,962613
2021-01-17,IKEA,FR,93461,317996
2021-01-17,H&M,RU,60140,352976
2021-01-18,Zara,FR,57425,702314
2021-01-18,Prisma,FR,28899,883703
2021-01-18,Zara,GB,58317,88650
2021-01-18,Zara,RU,18505,717388
2021-01-18,IKEA,DE,75312,590309
2021-01-18,Walmart,DE,19434,94650
2021-01-18,H&M,DE,9386,457440
2021-01-18,Metro,FR,96407,912942
2021-01-18,H&M,RU,10531,442918
2021-01-19,Metro,CA,83181,363947
2021-01-19,H&M,US,84158,556965
2021-01-19,IKEA,RU,60353,68337
2021-01-19,Walmart,GB,20596,300240
2021-01-20,Walmart,CA,98605,204909
2021-01-20,Prisma,GB,55181,550671
2021-01-20,Walmart,FR,93749,488937
2021-01-20,IKEA,GB,7288,788299
2021-01-20,H&M,DE,99705,278509
2021-01-20,Metro,DE,3381,873643
2021-01-20,IKEA,FR,3798,405385
2021-01-21,Prisma,RU,7568,222641
2021-01-21,Zara,DE,70053,727428
2021-01-21,Zara,RU,91927,563461
2021-01-21,H&M,RU,28684,819059
2021-01-21,IKEA,US,22526,207861
2021-01-21,H&M,CA,90540,636311
2021-01-21,Prisma,CA,79200,120752
2021-01-21,Walmart,DE,66211,255239
2021-01-21,Metro,FR,46566,610027
2021-01-21,Prisma,GB,57727,484505
2021-01-22,H&M,GB,21603,907464
2021-01-22,Prisma,US,62269,389991
2021-01-22,Prisma,DE,1495,661256
2021-01-22,IKEA,US,62791,946046
2021-01-22,IKEA,CA,79411,254764
2021-01-22,Metro,US,25055,641310
2021-01-22,Walmart,RU,12558,582048
2021-01-22,Zara,FR,9639,471051
2021-01-22,Metro,RU,30254,161095
2021-01-23,Metro,CA,25614,772843
2021-01-23,Walmart,DE,59045,443412
2021-01-23,Walmart,GB,62327,71378
2021-01-23,Prisma,FR,22205,804545
2021-01-23,Walmart,FR,23640,155406
2021-01-23,H&M,CA,72153,409091
2021-01-24,Zara,FR,30359,933715
2021-01-24,IKEA,GB,22290,796788
2021-01-24,H&M,FR,70695,835316
2021-01-24,Zara,RU,38619,371227
2021-01-24,IKEA,FR,13410,528848
2021-01-24,IKEA,US,61601,444718
2021-01-24,H&M,CA,14652,974069
2021-01-24,Prisma,FR,9138,899892
2021-01-25,H&M,US,86870,998110
2021-01-25,Prisma,DE,17681,598718
2021-01-25,Zara,GB,20323,372131
2021-01-25,Zara,CA,30413,202505
2021-01-25,Zara,DE,18137,903993
2021-01-25,Prisma,FR,27140,848603
2021-01-25,IKEA,GB,24789,402530
2021-01-25,Metro,FR,61542,341947
2021-01-25,H&M,DE,88597,878795
2021-01-25,Zara,FR,8821,500554
2021-01-26,Metro,GB,34175,549618
2021-01-26,Zara,DE,91336,868420
2021-01-26,Zara,US,2166,551293
2021-01-26,H&M,GB,44843,838716
2021-01-27,IKEA,US,72153,906412
2021-01-27,H&M,GB,23182,568502
2021-01-27,Walmart,RU,51816,103859
2021-01-27,Zara,CA,222,83105
2021-01-27,Walmart,CA,36166,440354
2021-01-27,Walmart,FR,56783,241793
2021-01-27,H&M,CA,72030,640785
2021-01-28,IKEA,RU,18025,952606
2021-01-28,Zara,CA,55885,343394
2021-01-28,Prisma,US,78936,867971
2021-01-28,H&M,US,12714,430566
2021-01-28,Zara,DE,94617,249559
2021-01-28,H&M,DE,27845,807444
2021-01-29,IKEA,RU,73872,120758
2021-01-29,Zara,GB,87030,828978
2021-01-29,IKEA,US,82063,859385
2021-01-29,Metro,DE,74087,376902
2021-01-29,Metro,RU,328,801440
2021-01-29,Zara,RU,86346,421222
2021-01-29,Prisma,FR,99683,694377
2021-01-30,Zara,RU,28228,683583
2021-01-30,IKEA,RU,28601,366549
2021-01-30,Metro,DE,4602,339678
2021-01-30,Walmart,DE,40727,341204
2021-01-30,Walmart,US,43034,996456
2021-01-31,H&M,DE,69763,876069
2021-01-31,Zara,CA,17898,455095
2021-01-31,Prisma,CA,99973,273134
2021-01-31,Prisma,FR,71478,613643
2021-01-31,H&M,US,43767,517330
2021-01-31,H&M,CA,63502,443963
2021-01-31,Metro,RU,35816,979130
2021-01-31,IKEA,GB,69380,38606
2021-01-31,IKEA,FR,60157,569253
2021-01-31,Zara,US,99933,980977
2021-01-31,Walmart,GB,13658,324297
2021-01-31,Zara,GB,61708,96333
2021-02-01,Zara,RU,85720,200268
2021-02-01,IKEA,DE,33307,164633
2021-02-01,Prisma,DE,4029,774454
2021-02-01,Metro,GB,12778,406795
2021-02-01,IKEA,FR,14389,389100
2021-02-02,H&M,CA,19296,372497
2021-02-02,Zara,DE,44977,424618
2021-02-02,Metro,CA,72036,778820
2021-02-02,Walmart,RU,12905,800955
2021-02-02,IKEA,GB,48535,739724
2021-02-02,H&M,FR,72504,197476
2021-02-02,Zara,US,33910,441092
2021-02-02,IKEA,US,56359,570943
2021-02-02,H&M,US,46603,500522
2021-02-03,Metro,CA,71385,454286
2021-02-03,Walmart,FR,61797,781011
2021-02-03,Prisma,RU,4540,134071
2021-02-03,Zara,US,48811,572127
2021-02-03,Metro,US,84931,736430
2021-02-03,Metro,DE,4774,486159
2021-02-03,H&M,RU,67019,996035
2021-02-03,IKEA,RU,75549,203550
2021-02-03,Prisma,CA,22520,905289
2021-02-03,Zara,FR,11849,984716
2021-02-04,IKEA,FR,74339,64825
2021-02-04,IKEA,RU,25689,603953
2021-02-04,Walmart,RU,6660,813830
2021-02-04,Zara,FR,75269,557226
2021-02-04,IKEA,GB,36831,432368
2021-02-04,H&M,CA,70681,807499
2021-02-04,Metro,DE,29965,168194
2021-02-04,Zara,RU,69508,318948
2021-02-04,Metro,FR,70679,740380
2021-02-05,IKEA,US,20526,727709
2021-02-05,Metro,DE,60093,528022
2021-02-05,Metro,CA,79317,653081
2021-02-05,Prisma,GB,44731,1369
2021-02-05,IKEA,RU,86256,840269
2021-02-05,Metro,US,2098,883156
2021-02-05,Metro,GB,97975,759628
2021-02-05,Zara,DE,46378,613204
2021-02-05,Prisma,RU,13538,590053
2021-02-06,H&M,DE,29526,251749
2021-02-06,Zara,DE,55545,91037
2021-02-06,Prisma,DE,41375,362888
2021-02-06,Metro,CA,69172,908420
2021-02-06,H&M,GB,32659,962667
2021-02-06,Zara,CA,3306,249679
2021-02-06,IKEA,DE,89317,132003
2021-02-06,Walmart,US,69933,915959
2021-02-06,Metro,GB,35457,253241
2021-02-06,Prisma,FR,17524,105491
2021-02-06,Walmart,GB,17739,381659
2021-02-06,H&M,CA,77891,453168
2021-02-07,Walmart,US,35570,641458
2021-02-07,Prisma,GB,12264,512140
2021-02-07,Walmart,FR,30457,275685
2021-02-07,Metro,RU,74288,629719
2021-02-07,Zara,DE,39316,395543
2021-02-07,H&M,US,8748,933268
2021-02-07,IKEA,DE,43494,440134
2021-02-07,IKEA,RU,44545,444697
2021-02-07,Zara,RU,590,478797
2021-02-07,IKEA,GB,88345,404637
2021-02-07,Metro,DE,89496,355102
2021-02-07,Metro,GB,94256,321537
2021-02-08,Zara,US,21120,491610
2021-02-08,Metro,GB,28571,828735
2021-02-08,Prisma,DE,17907,413702
2021-02-08,Zara,DE,27676,700689
2021-02-08,Prisma,RU,94306,909578
2021-02-08,IKEA,FR,77782,317382
2021-02-09,Walmart,US,21204,160801
2021-02-09,H&M,CA,94839,175899
2021-02-09,Zara,FR,29417,435013
2021-02-09,H&M,GB,69803,494484
2021-02-09,Zara,CA,8645,72233
2021-02-09,Metro,FR,33326,374229
2021-02-09,Zara,DE,86569,189881
2021-02-09,Metro,CA,33225,478288
2021-02-09,Walmart,GB,80176,584961
2021-02-09,IKEA,RU,25104,931162
2021-02-09,Metro,DE,99594,291414
2021-02-09,H&M,US,30390,990813
2021-02-10,H&M,DE,56942,7962
2021-02-10,Metro,GB,4325,102998
2021-02-10,Metro,CA,29136,987125
2021-02-10,Walmart,US,90154,734355
2021-02-10,H&M,FR,39869,699287
2021-02-11,Walmart,US,8438,460665
2021-02-11,H&M,CA,19663,765607
2021-02-11,Prisma,DE,97138,263006
2021-02-11,Prisma,GB,29217,87480
2021-02-11,Prisma,RU,78863,631774
2021-02-11,IKEA,US,19204,155240
2021-02-11,H&M,FR,54768,376605
2021-02-12,Walmart,DE,80699,159453
2021-02-12,Prisma,CA,10108,515780
2021-02-12,IKEA,RU,67589,580795
2021-02-12,Metro,DE,81260,190661
2021-02-12,Zara,DE,69849,889725
2021-02-12,IKEA,GB,17974,48740
2021-02-12,Prisma,FR,512,221490
2021-02-12,Prisma,US,34013,834462
2021-02-12,Zara,GB,11818,480244
2021-02-12,Zara,US,56862,928428
2021-02-12,Walmart,RU,41629,87375
2021-02-13,IKEA,FR,28094,951186
2021-02-13,H&M,GB,1027,739680
2021-02-13,IKEA,GB,35280,57564
2021-02-13,H&M,FR,28322,685348
2021-02-13,H&M,US,35371,546775
2021-02-13,IKEA,CA,97031,544724
2021-02-13,Walmart,DE,13375,128504
2021-02-13,Prisma,CA,45566,947001
2021-02-13,Prisma,GB,84464,124375
2021-02-14,Prisma,FR,81482,764908
2021-02-14,Metro,DE,99513,332534
2021-02-14,H&M,GB,80960,40187
2021-02-14,H&M,DE,34392,55038
2021-02-14,IKEA,RU,74195,449586
2021-02-15,IKEA,DE,99806,952217
2021-02-15,Metro,CA,62914,76411
2021-02-15,Zara,RU,83638,813183
2021-02-15,Prisma,US,8044,124217
2021-02-15,Walmart,US,90279,769932
2021-02-15,Zara,DE,39816,78395
2021-02-15,Prisma,DE,33412,796902
2021-02-15,Prisma,GB,46393,59492
2021-02-15,Walmart,DE,69617,151088
2021-02-15,Walmart,RU,96793,298233
2021-02-15,Zara,US,28286,442355
2021-02-15,Prisma,RU,99746,797761
2021-02-16,Walmart,DE,93280,222213
2021-02-16,Zara,FR,62019,565689
2021-02-16,Prisma,RU,36460,766689
2021-02-16,IKEA,US,8935,284415
2021-02-16,Metro,FR,32591,271846
2021-02-16,Zara,CA,60017,117634
2021-02-16,Zara,RU,71194,967233
2021-02-16,Prisma,FR,26200,145283
2021-02-16,Metro,DE,67875,489891
2021-02-16,Metro,RU,89770,225216
2021-02-16,IKEA,DE,70952,905165
2021-02-16,Walmart,GB,62151,6322
2021-02-17,IKEA,US,46514,693299
2021-02-17,IKEA,CA,82650,940660
2021-02-17,Walmart,GB,23982,965882
2021-02-17,Metro,GB,32881,176480
2021-02-17,H&M,GB,38002,600684
2021-02-17,Metro,DE,89001,167440
2021-02-17,H&M,RU,69642,784958
2021-02-17,Prisma,DE,98656,719025
2021-02-17,Zara,GB,85440,415772
2021-02-18,Metro,DE,27837,506891
2021-02-18,Metro,RU,66988,553017
2021-02-18,IKEA,FR,75387,772541
2021-02-18,Zara,GB,42049,31958
2021-02-18,H&M,DE,74719,246342
2021-02-18,Metro,FR,13085,863402
2021-02-19,H&M,GB,15745,120227
2021-02-19,Prisma,DE,16839,510223
2021-02-19,Metro,CA,20044,536737
2021-02-19,IKEA,FR,91742,342245
2021-02-19,Prisma,GB,19026,188999
2021-02-19,IKEA,US,54019,359292
2021-02-19,Metro,DE,62714,275647
2021-02-20,Zara,FR,68064,392646
2021-02-20,Walmart,GB,22272,800392
2021-02-20,Zara,RU,79431,622751
2021-02-20,Walmart,RU,3535,596911
2021-02-20,Prisma,CA,13646,532275
2021-02-20,Walmart,CA,4398,642596
2021-02-20,Metro,FR,66942,980556
2021-02-20,Metro,CA,16171,334720
2021-02-20,IKEA,RU,18380,928182
2021-02-21,Zara,GB,24041,95273
2021-02-21,IKEA,US,30679,332134
2021-02-21,Metro,CA,50929,665987
2021-02-21,Walmart,CA,80195,141025
2021-02-21,Prisma,CA,32970,141026
2021-02-21,Prisma,DE,4197,130869
2021-02-21,Prisma,GB,81486,810179
2021-02-21,H&M,RU,13150,537583
2021-02-22,IKEA,FR,46548,296599
2021-02-22,H&M,CA,28004,301005
2021-02-22,Metro,RU,24091,630617
2021-02-22,Walmart,GB,69063,197957
2021-02-22,Walmart,US,69489,767900
2021-02-23,Prisma,FR,26217,46506
2021-02-23,Metro,FR,40122,721382
2021-02-23,Metro,GB,69784,408731
2021-02-23,H&M,US,23326,653052
2021-02-23,H&M,GB,95247,660570
2021-02-23,Walmart,FR,35634,928345
2021-02-24,Zara,CA,70778,765579
2021-02-24,Metro,FR,351,952680
2021-02-24,IKEA,FR,87303,83866
2021-02-24,H&M,US,16901,767199
2021-02-24,Walmart,GB,10606,904398
2021-02-24,Metro,DE,79524,735260
2021-02-24,H&M,CA,58400,291927
2021-02-24,Zara,RU,65552,786234
2021-02-24,IKEA,US,14881,680854
2021-02-24,Prisma,US,65586,241948
2021-02-25,Zara,FR,97767,685232
2021-02-25,IKEA,US,44917,462401
2021-02-25,H&M,RU,6369,423988
2021-02-25,Zara,RU,7999,463487
2021-02-25,Walmart,GB,56349,409717
2021-02-25,Walmart,US,33455,743831
2021-02-26,Prisma,DE,23485,836766
2021-02-26,Zara,GB,97885,641868
2021-02-26,IKEA,RU,89268,653883
2021-02-26,H&M,CA,61020,238829
2021-02-26,Metro,DE,28223,406379
2021-02-26,Prisma,US,48146,788048
2021-02-27,Metro,GB,58362,152575
2021-02-27,IKEA,CA,38792,526079
2021-02-27,H&M,US,20307,377026
2021-02-27,H&M,FR,50696,677073
2021-02-27,Metro,RU,9804,353028
2021-02-27,Prisma,RU,58744,188854
2021-02-27,Walmart,FR,77961,795034
2021-02-27,Metro,CA,2108,175186
2021-02-27,IKEA,DE,74004,125130
2021-02-27,Walmart,GB,30518,144513
2021-02-27,IKEA,GB,21357,373347
2021-02-27,Metro,US,27405,831832
2021-02-28,Prisma,CA,91028,426739
2021-02-28,Metro,DE,70906,296511
2021-02-28,IKEA,CA,60226,953045
2021-02-28,Walmart,CA,10037,421571
2021-02-28,Prisma,RU,84251,990481
2021-02-28,Zara,CA,26951,808672
2021-02-28,Prisma,DE,94296,659521
2021-02-28,Metro,RU,70777,384398
2021-02-28,Metro,CA,6633,69265
2021-02-28,Metro,FR,12085,961181
2021-02-28,Walmart,DE,79643,486771
2021-02-28,Zara,DE,60602,668062
2021-02-28,H&M,RU,17966,312474
2021-02-28,IKEA,RU,74344,193067
2021-03-01,H&M,DE,46343,255940
2021-03-01,IKEA,US,32006,536093
2021-03-01,Walmart,DE,14063,814390
2021-03-01,Prisma,US,99651,551629
2021-03-01,H&M,CA,48886,226450
2021-03-01,Zara,US,83451,690266
2021-03-01,H&M,FR,37747,224855
2021-03-01,Metro,GB,69587,839681
2021-03-01,Metro,RU,15420,170092
2021-03-02,Walmart,DE,82002,944718
2021-03-02,Metro,CA,25715,177895
2021-03-02,H&M,GB,91937,890769
2021-03-02,IKEA,GB,71001,686515
2021-03-02,Prisma,FR,83732,159380
2021-03-02,IKEA,RU,45290,229806
2021-03-02,H&M,DE,30491,662942
2021-03-02,IKEA,FR,9764,105865
2021-03-03,Metro,RU,91850,164291
2021-03-03,IKEA,FR,21678,718711
2021-03-03,H&M,RU,58264,958394
2021-03-03,IKEA,US,2231,755728
2021-03-03,Metro,US,16821,302416
2021-03-04,Prisma,FR,47331,719161
2021-03-04,Zara,RU,11690,96182
2021-03-04,Walmart,DE,15746,135863
2021-03-04,Metro,DE,23798,686220
2021-03-04,Walmart,GB,86133,372495
2021-03-04,H&M,DE,37114,734662
2021-03-04,Zara,DE,9055,332971
2021-03-04,Prisma,DE,48518,152630
2021-03-04,Walmart,FR,91301,107821
2021-03-04,Prisma,US,76269,77610
2021-03-05,Metro,DE,35720,94453
2021-03-05,Zara,DE,9968,956549
2021-03-05,Prisma,FR,27713,554883
2021-03-05,IKEA,DE,29150,656671
2021-03-06,IKEA,DE,7445,128161
2021-03-06,H&M,US,44519,737888
2021-03-06,H&M,CA,47347,958781
2021-03-06,H&M,RU,67196,980752
2021-03-06,Zara,CA,57864,364100
2021-03-06,Zara,US,24877,615377
2021-03-06,Prisma,DE,43358,354224
2021-03-06,Prisma,FR,16689,857719
2021-03-06,Prisma,CA,89704,482841
2021-03-07,H&M,CA,52356,576601
2021-03-07,IKEA,DE,48230,347958
2021-03-07,IKEA,RU,36519,641105
2021-03-07,Walmart,FR,71346,97155
2021-03-07,H&M,DE,55699,224219
2021-03-07,Zara,US,59571,600118
2021-03-07,Zara,DE,583,917699
2021-03-08,Walmart,US,3463,893491
2021-03-08,Metro,US,34254,443603
2021-03-08,Zara,CA,49453,276853
2021-03-08,Prisma,CA,37751,515074
2021-03-08,Metro,GB,84783,227039
2021-03-08,IKEA,CA,2318,653172
2021-03-08,Zara,US,8305,924459
2021-03-08,Metro,FR,59630,17364
2021-03-09,Metro,CA,64926,56051
2021-03-09,Zara,GB,29231,475018
2021-03-09,Prisma,DE,14208,729412
2021-03-09,Prisma,GB,41197,497125
2021-03-09,IKEA,FR,26137,112947
2021-03-09,Walmart,RU,58210,31247
2021-03-10,Metro,DE,70951,69765
2021-03-10,H&M,FR,92424,982266
2021-03-10,Prisma,RU,41549,631104
2021-03-10,Metro,RU,2399,917733
2021-03-10,H&M,GB,68918,982410
2021-03-10,IKEA,US,19204,553985
2021-03-10,IKEA,DE,41907,453870
2021-03-10,IKEA,FR,59888,938170
2021-03-10,Zara,RU,19828,150288
2021-03-10,Prisma,US,84985,493312
2021-03-10,Walmart,FR,28299,611798
2021-03-10,Metro,GB,66764,483142
2021-03-11,H&M,GB,36223,355269
2021-03-11,Zara,GB,58832,282794
2021-03-11,Prisma,RU,9800,332709
2021-03-11,H&M,US,78707,10594
2021-03-11,Walmart,CA,32590,745431
2021-03-11,Walmart,US,42098,43722
2021-03-11,H&M,DE,53197,807820
2021-03-11,IKEA,CA,55255,936147
2021-03-11,H&M,RU,29134,276053
2021-03-12,H&M,RU,85177,100046
2021-03-12,Walmart,DE,82975,440744
2021-03-12,Metro,FR,38912,362846
2021-03-12,Zara,CA,63570,794319
2021-03-12,IKEA,US,35156,924696
2021-03-12,Zara,GB,6818,721939
2021-03-12,IKEA,RU,81779,492026
2021-03-12,Metro,US,71832,447681
2021-03-13,Metro,RU,40583,898583
2021-03-13,Metro,DE,46169,951791
2021-03-13,Walmart,GB,87743,884064
2021-03-13,H&M,RU,67730,72826
2021-03-13,Zara,CA,69036,229895
2021-03-13,Zara,FR,69097,152707
2021-03-13,Zara,GB,38965,240218
2021-03-13,Walmart,RU,76091,375586
2021-03-14,Walmart,CA,51789,550851
2021-03-14,IKEA,FR,72866,560716
2021-03-14,Zara,RU,42754,73898
2021-03-14,Metro,CA,19495,725091
2021-03-14,H&M,GB,56462,298118
2021-03-14,IKEA,DE,99752,837269
2021-03-14,Metro,GB,28741,149292
2021-03-14,Walmart,FR,15818,512523
2021-03-14,Walmart,DE,62725,918060
2021-03-15,Zara,US,57835,46013
2021-03-15,Metro,FR,99645,896075
2021-03-15,IKEA,DE,78774,940179
2021-03-15,IKEA,RU,21789,715104
2021-03-15,Walmart,FR,90432,35097
2021-03-16,Zara,DE,98023,851829
2021-03-16,H&M,FR,7623,629330
2021-03-16,H&M,CA,11410,715764
2021-03-16,Walmart,CA,17724,48252
2021-03-16,IKEA,CA,57482,122160
2021-03-16,Walmart,GB,28113,428351
2021-03-16,Prisma,US,10111,910356
2021-03-17,Zara,GB,28214,622842
2021-03-17,Zara,US,56813,685326
2021-03-17,IKEA,US,79212,174249
2021-03-17,H&M,GB,68860,790287
2021-03-17,H&M,US,80888,655440
2021-03-17,Metro,US,76024,395666
2021-03-17,IKEA,FR,99665,918568
2021-03-17,Prisma,DE,62191,925808
2021-03-17,H&M,DE,89459,894266
2021-03-17,Metro,DE,57992,817741
2021-03-17,Metro,GB,53783,581140
2021-03-17,Prisma,GB,78489,736156
2021-03-18,IKEA,DE,97375,380057
2021-03-18,H&M,CA,54643,568871
2021-03-18,Zara,GB,46188,567088
2021-03-18,Walmart,RU,90242,771288
2021-03-18,H&M,DE,74457,603572
2021-03-18,Prisma,FR,55317,302871
2021-03-19,Zara,RU,2043,969780
2021-03-19,H&M,CA,43020,767763
2021-03-19,Metro,GB,26737,23195
2021-03-19,Prisma,GB,3658,290241
2021-03-19,Walmart,GB,78097,896114
2021-03-19,Prisma,US,13482,475349
2021-03-19,H&M,GB,18495,706155
2021-03-19,IKEA,US,90609,393602
2021-03-19,IKEA,RU,48153,585894
2021-03-19,IKEA,GB,28837,69603
2021-03-19,H&M,FR,55240,963029
2021-03-20,Zara,CA,55338,905711
2021-03-20,Metro,CA,88909,683137
2021-03-20,Zara,DE,79773,216080
2021-03-20,IKEA,DE,70419,375481
2021-03-20,Walmart,FR,99723,864691
2021-03-20,H&M,US,56915,175259
2021-03-20,Walmart,CA,78134,64658
2021-03-20,Zara,FR,3198,504119
2021-03-20,Metro,FR,24231,60740
2021-03-20,H&M,DE,91490,583649
2021-03-21,Metro,CA,66589,477478
2021-03-21,Prisma,GB,88067,684797
2021-03-21,H&M,CA,5094,923862
2021-03-21,H&M,US,92891,490513
2021-03-21,H&M,RU,53570,782038
2021-03-21,H&M,GB,81816,899490
2021-03-21,Walmart,FR,55116,209459
2021-03-21,Walmart,RU,50567,215467
2021-03-21,H&M,DE,36890,611436
2021-03-22,Metro,DE,26138,187377
2021-03-22,IKEA,US,67289,139687
2021-03-22,Metro,US,85258,726349
2021-03-22,IKEA,CA,48248,722319
2021-03-22,Walmart,DE,72036,671475
2021-03-22,Metro,GB,59925,74538
2021-03-22,Zara,RU,68917,844196
2021-03-22,IKEA,DE,19905,752029
2021-03-22,Prisma,GB,53563,57628
2021-03-22,Metro,RU,48948,760079
2021-03-22,Prisma,CA,62628,271877
2021-03-22,Walmart,RU,84256,117238
2021-03-23,Zara,DE,99628,98538
2021-03-23,Prisma,RU,66736,447020
2021-03-23,Prisma,GB,88543,662467
2021-03-23,IKEA,RU,25940,515812
2021-03-23,IKEA,GB,69250,530444
2021-03-23,Zara,CA,69918,862130
2021-03-23,IKEA,US,93612,261272
2021-03-23,Walmart,DE,85155,885741
2021-03-23,Metro,DE,34375,4345
2021-03-24,Walmart,FR,58522,959739
2021-03-24,Zara,DE,11871,932281
2021-03-24,Prisma,CA,59753,489230
2021-03-24,Metro,CA,94742,417474
2021-03-24,H&M,RU,90984,74760
2021-03-24,H&M,DE,59682,395926
2021-03-24,Zara,US,67358,266217
2021-03-24,IKEA,FR,34360,358801
2021-03-24,Metro,FR,61193,740039
2021-03-24,H&M,CA,28047,461257
2021-03-25,Prisma,US,44969,513724
2021-03-25,Prisma,DE,2889,763407
2021-03-25,Metro,DE,29601,724271
2021-03-25,Walmart,RU,67373,462972
2021-03-25,Metro,GB,80674,538019
2021-03-26,IKEA,FR,41516,358128
2021-03-26,IKEA,US,46997,777901
2021-03-26,Prisma,GB,11457,23184
2021-03-26,IKEA,RU,58135,149786
2021-03-26,Metro,RU,407,668745
2021-03-26,H&M,RU,83480,891382
2021-03-26,Walmart,RU,69104,468519
2021-03-26,IKEA,DE,31495,411436
2021-03-27,Walmart,US,97989,615879
2021-03-27,Prisma,US,83576,658316
2021-03-27,Prisma,DE,94049,323809
2021-03-27,H&M,DE,91470,399567
2021-03-27,Metro,FR,6913,1744
2021-03-27,IKEA,GB,8322,241489
2021-03-27,Zara,DE,6003,599480
2021-03-27,IKEA,FR,73629,42449
2021-03-27,Walmart,CA,12194,702937
2021-03-27,Zara,RU,8229,788040
2021-03-27,Zara,FR,22220,661871
2021-03-27,Prisma,RU,74846,312156
2021-03-28,H&M,US,79253,786857
2021-03-28,Zara,FR,99891,910744
2021-03-28,IKEA,CA,71238,581962
2021-03-28,H&M,CA,36470,7169
2021-03-28,Metro,FR,15913,423392
2021-03-28,Zara,US,77342,691036
2021-03-28,Metro,RU,28656,680319
2021-03-28,H&M,RU,13281,591357
2021-03-29,Metro,US,59681,512477
2021-03-29,H&M,CA,87023,854861
2021-03-29,H&M,US,134,817183
2021-03-29,Metro,CA,54667,581877
2021-03-29,Zara,RU,46893,943683
2021-03-29,IKEA,GB,47010,811279
2021-03-29,Walmart,US,52017,445969
2021-03-29,Walmart,FR,57470,565972
2021-03-29,Prisma,US,46068,471752
2021-03-29,Walmart,RU,73275,59264
2021-03-30,Zara,US,92977,24743
2021-03-30,Walmart,FR,10823,892082
2021-03-30,Walmart,DE,98426,192380
2021-03-30,H&M,GB,49856,687611
2021-03-30,H&M,CA,80031,207571
2021-03-30,IKEA,DE,94148,399332
2021-03-30,Metro,FR,52823,297142
2021-03-31,H&M,RU,68213,4867
2021-03-31,Zara,DE,60002,731583
2021-03-31,H&M,DE,94862,906418
2021-03-31,Walmart,US,41905,143366
2021-03-31,Prisma,CA,5346,34755
2021-03-31,IKEA,FR,21482,916601
2021-03-31,Zara,US,86435,6607
2021-04-01,IKEA,FR,93212,770447
2021-04-01,Walmart,GB,96669,627229
2021-04-01,Prisma,DE,69815,317857
2021-04-01,Metro,RU,65266,494679
2021-04-01,H&M,FR,49225,429534
2021-04-01,Walmart,DE,26525,120160
2021-04-01,Metro,GB,85518,114308
2021-04-01,H&M,RU,82006,132719
2021-04-02,Prisma,FR,68204,650460
2021-04-02,H&M,US,89383,854855
2021-04-02,Metro,DE,1029,238364
2021-04-02,H&M,RU,86414,445963
2021-04-02,Walmart,US,38046,269712
2021-04-02,Walmart,RU,77520,739034
2021-04-02,Prisma,RU,48788,189790
2021-04-02,Zara,CA,93338,172887
2021-04-02,IKEA,FR,65917,839696
2021-04-03,Zara,CA,91230,871744
2021-04-03,IKEA,GB,14164,825381
2021-04-03,H&M,CA,91357,738757
2021-04-03,Prisma,FR,47904,853591
2021-04-03,IKEA,CA,20075,596884
2021-04-03,Walmart,CA,74403,7807
2021-04-03,H&M,DE,67892,262535
2021-04-03,Walmart,RU,23251,368915
2021-04-03,Zara,US,95674,716699
2021-04-03,Metro,US,78243,595637
2021-04-03,Metro,GB,20370,24072
2021-04-03,H&M,US,41302,847613
2021-04-04,H&M,DE,76992,709173
2021-04-04,Metro,RU,38879,1890
2021-04-04,Prisma,DE,18665,127393
2021-04-04,Walmart,RU,92106,148432
2021-04-04,Metro,DE,4655,648827
2021-04-05,Walmart,CA,83265,392636
2021-04-05,H&M,DE,73687,384022
2021-04-05,H&M,US,11564,567225
2021-04-05,Zara,FR,76743,711596
2021-04-05,IKEA,DE,68921,770818
2021-04-05,IKEA,CA,90039,79929
2021-04-05,IKEA,US,52894,463176
2021-04-05,Walmart,GB,2349,685370
2021-04-05,Prisma,GB,75403,172898
2021-04-05,Walmart,DE,37374,107285
2021-04-05,Metro,FR,87309,954448
2021-04-06,Prisma,US,19014,219219
2021-04-06,Metro,RU,93442,86328
2021-04-06,Walmart,GB,39193,667746
2021-04-06,Zara,GB,7963,406789
2021-04-06,H&M,FR,9043,910006
2021-04-06,Walmart,DE,95273,862822
2021-04-06,Prisma,GB,59625,513166
2021-04-06,Prisma,CA,96544,187642
2021-04-06,H&M,GB,56840,961987
2021-04-06,Walmart,CA,9337,416802
2021-04-06,Walmart,FR,91750,108790
2021-04-07,IKEA,FR,26099,999172
2021-04-07,Walmart,RU,9617,439799
2021-04-07,H&M,GB,89976,974030
2021-04-07,Walmart,US,19743,191801
2021-04-07,Metro,DE,35600,693378
2021-04-08,Zara,RU,48618,658181
2021-04-08,Walmart,FR,48025,171441
2021-04-08,Zara,DE,21825,596995
2021-04-08,H&M,CA,38707,864685
2021-04-08,Metro,US,65716,901900
2021-04-08,Zara,GB,85141,526747
2021-04-08,Zara,US,4085,659456
2021-04-08,Zara,FR,35595,754028
2021-04-08,IKEA,CA,18880,406147
2021-04-09,Prisma,FR,65232,676222
2021-04-09,Prisma,DE,91768,874409
2021-04-09,Zara,RU,3278,59197
2021-04-09,Zara,CA,28281,281762
2021-04-09,Walmart,RU,8120,551575
2021-04-09,Prisma,GB,2407,543848
2021-04-09,H&M,RU,82958,45845
2021-04-09,Metro,US,97316,160436
2021-04-09,Walmart,CA,75381,464747
2021-04-09,Metro,CA,10765,891128
2021-04-09,IKEA,FR,56006,947297
2021-04-09,Walmart,GB,98689,611664
2021-04-10,Prisma,RU,15607,435905
2021-04-10,Zara,GB,61013,190893
2021-04-10,Walmart,FR,10820,230908
2021-04-10,Metro,CA,56394,322572
2021-04-10,H&M,GB,16055,988578
2021-04-10,Prisma,CA,29223,329699
2021-04-10,Zara,DE,26628,434859
2021-04-10,Metro,GB,19094,405263
2021-04-10,Zara,FR,23782,128340
2021-04-10,H&M,US,15764,952142
2021-04-10,Walmart,US,99139,906317
2021-04-11,H&M,CA,79010,562985
2021-04-11,Zara,FR,91958,542567
2021-04-11,Walmart,US,27824,897797
2021-04-11,IKEA,US,81399,489307
2021-04-11,Walmart,CA,33937,351695
2021-04-11,Metro,FR,96052,438375
2021-04-11,Zara,GB,43108,987996
2021-04-11,Prisma,GB,34277,212469
2021-04-11,Prisma,DE,14082,74814
2021-04-11,H&M,RU,23657,15635
2021-04-11,Zara,CA,83996,941377
2021-04-12,IKEA,GB,71641,110464
2021-04-12,Metro,FR,35255,78675
2021-04-12,Walmart,US,77570,611524
2021-04-12,Metro,DE,97910,342717
2021-04-12,Metro,RU,74847,246920
2021-04-12,Walmart,FR,91246,963286
2021-04-13,Prisma,RU,63569,553388
2021-04-13,IKEA,CA,36425,613999
2021-04-13,Walmart,DE,15029,59645
2021-04-13,Walmart,US,52239,868194
2021-04-13,Prisma,FR,83854,900106
2021-04-13,Prisma,DE,85092,529624
2021-04-14,Walmart,RU,58426,374735
2021-04-14,IKEA,GB,53266,392080
2021-04-14,Walmart,GB,5128,648244
2021-04-14,IKEA,DE,30283,577381
2021-04-15,Zara,CA,94174,72750
2021-04-15,IKEA,CA,44187,303998
2021-04-15,H&M,FR,6449,342236
2021-04-15,IKEA,RU,2080,188298
2021-04-16,Metro,RU,8783,724001
2021-04-16,Prisma,US,10837,743199
2021-04-16,Walmart,DE,60987,948348
2021-04-16,Walmart,CA,49585,130633
2021-04-16,Walmart,GB,18848,737065
2021-04-16,Prisma,FR,13885,627633
2021-04-16,IKEA,GB,79900,256586
2021-04-16,Walmart,US,66659,735334
2021-04-16,Prisma,GB,70200,869799
2021-04-16,H&M,GB,96430,661110
2021-04-17,IKEA,US,97996,306340
2021-04-17,Walmart,FR,48225,264711
2021-04-17,Metro,US,53256,756370
2021-04-17,IKEA,CA,70243,620092
2021-04-17,Zara,RU,66941,891015
2021-04-18,Prisma,CA,35450,20998
2021-04-18,IKEA,RU,52401,324216
2021-04-18,Prisma,FR,54851,114780
2021-04-18,Prisma,GB,49568,452058
2021-04-18,Zara,GB,81051,87294
2021-04-18,Metro,FR,59034,182586
2021-04-18,IKEA,DE,95820,66897
2021-04-18,IKEA,CA,46300,719506
2021-04-18,IKEA,FR,24542,198855
2021-04-18,IKEA,US,16622,531850
2021-04-18,Metro,CA,68590,255739
2021-04-19,IKEA,CA,95057,501598
2021-04-19,Zara,FR,69163,499124
2021-04-19,Prisma,GB,98065,364457
2021-04-19,H&M,DE,31162,836615
2021-04-19,Walmart,DE,96609,798973
2021-04-19,Walmart,FR,79813,816777
2021-04-19,IKEA,RU,59231,597093
2021-04-19,Metro,DE,58231,558058
2021-04-19,H&M,GB,74196,41691
2021-04-20,Metro,US,4804,630020
2021-04-20,Zara,DE,12343,466756
2021-04-20,Prisma,GB,2996,709039
2021-04-20,Walmart,DE,76119,697716
2021-04-20,Prisma,RU,5746,202778
2021-04-20,Prisma,CA,61309,11569
2021-04-20,Zara,GB,1592,510489
2021-04-21,IKEA,CA,46594,711762
2021-04-21,Zara,RU,22808,384123
2021-04-21,Prisma,RU,61729,554626
2021-04-21,Zara,GB,57434,244170
2021-04-21,H&M,DE,91084,215668
2021-04-21,Metro,RU,55110,942799
2021-04-21,Prisma,DE,65245,210113
2021-04-22,Metro,FR,17523,696772
2021-04-22,Prisma,US,16930,235282
2021-04-22,Walmart,FR,45162,669554
2021-04-22,Prisma,CA,99931,299951
2021-04-22,IKEA,US,296,549818
2021-04-22,Zara,RU,42012,466926
2021-04-22,Zara,GB,23180,319890
2021-04-23,Prisma,GB,75420,27299
2021-04-23,Walmart,FR,99178,821748
2021-04-23,Metro,RU,44596,249913
2021-04-23,Walmart,CA,64175,886653
2021-04-23,H&M,US,19390,47885
2021-04-23,H&M,FR,37133,432175
2021-04-23,Zara,CA,29552,251613
2021-04-23,Walmart,GB,56364,913324
2021-04-23,IKEA,US,30689,21934
2021-04-24,Metro,GB,12955,31875
2021-04-24,Prisma,RU,51411,176678
2021-04-24,Walmart,CA,43731,594711
2021-04-24,Zara,FR,69692,692352
2021-04-24,Prisma,GB,788,565157
2021-04-24,H&M,GB,42071,960630
2021-04-24,H&M,CA,3925,430761
2021-04-24,Zara,CA,11576,889967
2021-04-24,Walmart,FR,31869,958652
2021-04-24,Metro,CA,7619,80689
2021-04-24,IKEA,RU,8966,99903
2021-04-24,Walmart,GB,78983,300867
2021-04-24,Metro,US,45490,666000
2021-04-25,Prisma,CA,4048,65679
2021-04-25,Walmart,FR,61207,668333
2021-04-25,IKEA,RU,88474,281223
2021-04-25,IKEA,FR,18989,669243
2021-04-25,Zara,DE,73331,822387
2021-04-25,IKEA,CA,50711,936004
2021-04-25,Metro,DE,56117,343924
2021-04-26,Prisma,FR,43139,449646
2021-04-26,H&M,CA,49629,571639
2021-04-26,IKEA,CA,4486,6428
2021-04-26,IKEA,GB,51037,412924
2021-04-26,Prisma,RU,31016,291668
2021-04-26,Zara,US,10022,52247
2021-04-26,H&M,RU,91369,664934
2021-04-27,Walmart,CA,88929,845845
2021-04-27,H&M,DE,63506,922323
2021-04-27,Prisma,GB,17743,176470
2021-04-27,H&M,CA,34800,752284
2021-04-27,Prisma,US,85503,381767
2021-04-27,Prisma,DE,18677,407780
2021-04-28,Metro,FR,60880,846956
2021-04-28,Zara,DE,84623,229918
2021-04-28,IKEA,RU,35559,906629
2021-04-28,Prisma,GB,56867,156032
2021-04-28,Metro,RU,2155,863124
2021-04-28,Walmart,GB,25674,634970
2021-04-28,H&M,FR,35451,83582
2021-04-28,Zara,FR,26660,333155
2021-04-28,Prisma,DE,16183,584618
2021-04-29,Metro,RU,49843,102166
2021-04-29,H&M,GB,7304,164055
2021-04-29,Zara,US,23795,484940
2021-04-30,Prisma,US,73393,215554
2021-04-30,H&M,US,10287,174251
2021-04-30,Prisma,DE,31094,120252
2021-04-30,Walmart,RU,7572,428455
2021-04-30,Metro,CA,85342,89043
2021-04-30,Walmart,FR,71615,713390
2021-04-30,Walmart,GB,47877,61500
2021-04-30,IKEA,CA,54920,816193
2021-04-30,IKEA,GB,23706,54793
2021-04-30,Metro,RU,54899,872970
2021-05-01,H&M,RU,67897,841984
2021-05-01,IKEA,FR,66277,811344
2021-05-01,Walmart,GB,12060,248109
2021-05-01,IKEA,CA,89539,401541
2021-05-01,Walmart,FR,31372,813080
2021-05-01,Prisma,GB,97988,935786
2021-05-02,Zara,RU,34590,838784
2021-05-02,IKEA,CA,9007,900637
2021-05-02,Prisma,DE,1520,573484
2021-05-02,H&M,FR,33152,150238
2021-05-02,Prisma,GB,58965,410134
2021-05-02,IKEA,US,12898,190459
2021-05-02,Zara,GB,77563,867173
2021-05-02,IKEA,DE,8762,698896
2021-05-02,Walmart,US,85419,137884
2021-05-02,Zara,CA,1744,372942
2021-05-02,Metro,US,64221,488222
2021-05-02,Walmart,CA,35796,942077
2021-05-03,Prisma,DE,15615,81291
2021-05-03,Metro,CA,62719,265331
2021-05-03,Prisma,FR,23299,142636
2021-05-03,Zara,US,66654,859005
2021-05-03,Metro,DE,76305,285694
2021-05-03,Metro,FR,43852,732348
2021-05-03,Walmart,FR,24671,115111
2021-05-03,IKEA,DE,35975,462019
2021-05-03,Prisma,RU,84209,695324
2021-05-03,Metro,US,35827,725423
2021-05-04,Walmart,CA,50480,126844
2021-05-04,H&M,DE,63803,672611
2021-05-04,Zara,DE,7546,547707
2021-05-04,Walmart,RU,34209,919889
2021-05-04,H&M,FR,57198,290885
2021-05-04,Metro,US,51853,301207
2021-05-04,Zara,FR,69984,27007
2021-05-04,H&M,GB,27157,455914
2021-05-04,Metro,DE,52185,715658
2021-05-04,IKEA,RU,3132,930535
2021-05-04,IKEA,GB,54479,723879
2021-05-05,Metro,GB,19896,983065
2021-05-05,Zara,CA,66860,566621
2021-05-05,Metro,DE,79180,11824
2021-05-05,Prisma,CA,25317,352916
2021-05-05,Prisma,FR,98520,587401
2021-05-05,Metro,US,42932,222492
2021-05-05,Prisma,RU,69277,916739
2021-05-05,H&M,DE,81915,745299
2021-05-05,Prisma,US,42149,197617
2021-05-06,IKEA,CA,2452,5902
2021-05-06,Metro,FR,59500,653084
2021-05-06,Walmart,DE,65808,541991
2021-05-06,H&M,RU,12974,523041
2021-05-06,Prisma,FR,81443,473127
2021-05-06,IKEA,GB,57143,577032
2021-05-06,IKEA,DE,69250,65137
2021-05-06,IKEA,RU,77208,415212
2021-05-06,Zara,US,57785,798911
2021-05-06,H&M,US,54412,829759
2021-05-06,Walmart,CA,96201,666570
2021-05-06,Zara,DE,47327,481351
2021-05-07,IKEA,US,20962,64701
2021-05-07,H&M,DE,54177,849349
2021-05-07,Walmart,DE,40174,426559
2021-05-07,Metro,RU,21947,429249
2021-05-07,Metro,CA,81056,14404
2021-05-07,Prisma,CA,11807,739679
2021-05-07,IKEA,FR,45890,356906
2021-05-07,H&M,GB,80544,859162
2021-05-07,H&M,CA,18739,877914
2021-05-07,Prisma,GB,55510,261614
2021-05-07,Metro,DE,91071,331545
2021-05-08,Prisma,GB,56434,81689
2021-05-08,Prisma,DE,36847,869007
2021-05-08,IKEA,DE,50249,65845
2021-05-08,Walmart,RU,31889,159457
2021-05-08,IKEA,GB,86419,529765
2021-05-08,Metro,CA,60324,601668
2021-05-08,Walmart,FR,28593,130002
2021-05-08,Metro,DE,57991,553491
2021-05-09,Zara,RU,8736,672238
2021-05-09,Metro,CA,65288,169713
2021-05-09,Metro,US,72258,643931
2021-05-09,IKEA,RU,7550,854737
2021-05-09,H&M,RU,50362,477212
2021-05-09,H&M,GB,75196,432819
2021-05-09,Prisma,DE,93907,73516
2021-05-10,Walmart,FR,85679,605364
2021-05-10,Metro,US,73273,863809
2021-05-10,H&M,GB,75135,693109
2021-05-10,Prisma,FR,41768,904812
2021-05-10,H&M,RU,7102,126709
2021-05-10,Metro,CA,13706,868579
2021-05-11,Zara,US,45328,918588
2021-05-11,H&M,GB,38152,280588
2021-05-11,H&M,FR,91295,788986
2021-05-11,IKEA,DE,49265,290019
2021-05-11,Walmart,GB,82004,950644
2021-05-11,Prisma,RU,18779,113268
2021-05-11,Metro,US,25544,624454
2021-05-11,Prisma,GB,69545,107222
2021-05-11,Metro,DE,83832,492295
2021-05-11,H&M,RU,87724,693554
2021-05-12,Prisma,CA,1598,683586
2021-05-12,H&M,GB,81085,856263
2021-05-12,Walmart,DE,97167,202481
2021-05-12,Walmart,US,20960,255141
2021-05-12,Walmart,GB,49196,808208
2021-05-12,Prisma,RU,44761,364093
2021-05-12,IKEA,GB,49269,433146
2021-05-13,Walmart,RU,57262,942208
2021-05-13,Zara,US,10885,874879
2021-05-13,Zara,CA,96706,823898
2021-05-13,H&M,US,39391,359202
2021-05-13,Metro,GB,49170,926068
2021-05-13,Metro,DE,21011,941872
2021-05-13,Prisma,CA,43606,80344
2021-05-13,Zara,DE,20697,434518
2021-05-13,Metro,FR,84932,232937
2021-05-14,Walmart,GB,54988,392615
2021-05-14,Prisma,DE,27326,814986
2021-05-14,H&M,FR,1545,853477
2021-05-14,Prisma,GB,15995,12717
2021-05-14,Metro,GB,41374,824275
2021-05-14,IKEA,US,93177,753303
2021-05-14,Walmart,RU,40475,355452
2021-05-15,Metro,US,78290,389234
2021-05-15,IKEA,DE,6573,968806
2021-05-15,Walmart,US,15538,76989
2021-05-15,Walmart,FR,9720,593288
2021-05-15,Zara,RU,10108,883617
2021-05-15,Zara,US,36343,367907
2021-05-16,H&M,RU,39123,637305
2021-05-16,H&M,US,38493,518667
2021-05-16,Walmart,GB,59766,608305
2021-05-16,IKEA,US,38452,574259
2021-05-16,Metro,DE,93297,405896
2021-05-16,Metro,FR,7293,454424
2021-05-16,H&M,DE,68518,91168
2021-05-17,Prisma,GB,30785,172993
2021-05-17,IKEA,US,67151,389003
2021-05-17,H&M,DE,85294,107752
2021-05-17,H&M,CA,79242,354325
2021-05-17,Zara,RU,10329,660479
2021-05-17,Walmart,CA,84216,295835
2021-05-17,Walmart,GB,25423,396637
2021-05-17,Metro,FR,69542,508859
2021-05-17,IKEA,DE,85965,177371
2021-05-17,Metro,GB,1072,346328
2021-05-18,IKEA,US,55583,913079
2021-05-18,Walmart,CA,13557,843262
2021-05-18,Prisma,US,3188,470825
2021-05-18,H&M,DE,52826,608710
2021-05-18,Metro,DE,48028,693000
2021-05-18,Prisma,FR,67425,20049
2021-05-18,Metro,RU,67727,17250
2021-05-18,Metro,CA,65412,563220
2021-05-18,Walmart,DE,34272,967442
2021-05-18,Zara,RU,61716,123535
2021-05-18,H&M,CA,33563,981699
2021-05-19,Walmart,CA,99916,85225
2021-05-19,H&M,RU,21653,714123
2021-05-19,Prisma,GB,48607,973406
2021-05-19,Metro,FR,11424,85693
2021-05-19,Prisma,DE,88498,61807
2021-05-19,IKEA,US,65038,655333
2021-05-19,Metro,DE,31648,570927
2021-05-19,Prisma,FR,93939,65681
2021-05-19,Zara,CA,97553,432636
2021-05-20,Zara,US,5862,264129
2021-05-20,Walmart,DE,51786,283707
2021-05-20,Zara,RU,85285,700555
2021-05-20,Metro,CA,32771,674185
2021-05-20,H&M,GB,91571,85008
2021-05-21,Zara,FR,9513,574525
2021-05-21,H&M,GB,4826,122312
2021-05-21,Walmart,US,25240,171654
2021-05-21,Prisma,GB,14360,969243
2021-05-21,Walmart,CA,25791,238780
2021-05-21,Walmart,FR,83218,30384
2021-05-21,IKEA,CA,38213,459684
2021-05-21,Metro,GB,89155,296132
2021-05-21,IKEA,US,83045,389090
2021-05-21,Prisma,US,27988,438789
2021-05-21,Metro,CA,29627,386510
2021-05-22,Walmart,US,45470,223906
2021-05-22,Prisma,GB,79756,825918
2021-05-22,H&M,RU,15298,29391
2021-05-22,Zara,FR,78409,752268
2021-05-22,Prisma,US,71294,834049
2021-05-22,H&M,GB,4760,180336
2021-05-22,Metro,CA,52691,51803
2021-05-22,Walmart,RU,8571,766086
2021-05-22,Prisma,RU,24819,510796
2021-05-22,Metro,FR,3178,876897
2021-05-22,IKEA,RU,15163,225589
2021-05-22,Metro,RU,90629,995956
2021-05-22,Metro,US,87575,904000
2021-05-23,H&M,US,93701,343634
2021-05-23,Zara,GB,69599,419125
2021-05-23,Zara,CA,54262,353046
2021-05-23,IKEA,GB,59520,361312
2021-05-23,Prisma,CA,28988,852794
2021-05-23,Zara,RU,30890,712211
2021-05-24,Metro,GB,28612,264324
2021-05-24,H&M,DE,88606,252345
2021-05-24,Zara,CA,82775,549117
2021-05-24,Metro,FR,7319,599964
2021-05-24,Prisma,RU,80418,165446
2021-05-24,Zara,RU,95187,219349
2021-05-24,Zara,US,83455,397307
2021-05-25,Metro,GB,40234,590068
2021-05-25,Walmart,CA,80427,291978
2021-05-25,Metro,FR,75273,608765
2021-05-25,Metro,DE,46640,29075
2021-05-25,Zara,GB,8925,159892
2021-05-25,Walmart,FR,71821,916516
2021-05-26,Metro,CA,8988,536850
2021-05-26,Metro,DE,42550,156466
2021-05-26,Prisma,GB,62205,651070
2021-05-26,Prisma,RU,2137,217758
2021-05-26,Walmart,GB,30151,251163
2021-05-26,IKEA,US,79020,295534
2021-05-26,Zara,DE,911,224663
2021-05-26,H&M,GB,39747,28059
2021-05-26,Walmart,FR,88107,922830
2021-05-26,Walmart,RU,70863,349689
2021-05-26,Zara,US,62653,108539
2021-05-26,Prisma,CA,59120,390476
2021-05-27,Zara,FR,80633,881158
2021-05-27,Zara,US,75576,674988
2021-05-27,Walmart,RU,93367,785976
2021-05-27,Metro,RU,45532,505981
2021-05-27,H&M,RU,98290,425973
2021-05-27,H&M,CA,40889,622886
2021-05-27,Prisma,FR,43292,615042
2021-05-27,Prisma,US,80921,245834
2021-05-27,Prisma,CA,69470,683188
2021-05-27,Walmart,DE,52190,687333
2021-05-28,Walmart,FR,44326,603664
2021-05-28,IKEA,GB,94731,765102
2021-05-28,IKEA,FR,46758,233769
2021-05-28,IKEA,CA,47769,981660
2021-05-28,Walmart,US,2448,473422
2021-05-28,Metro,US,40891,361586
2021-05-28,Metro,CA,20623,989055
2021-05-28,H&M,US,16601,735874
2021-05-28,Prisma,GB,75518,447248
2021-05-28,Walmart,GB,18457,242716
2021-05-29,Walmart,FR,69912,455539
2021-05-29,H&M,RU,16687,998796
2021-05-29,Metro,FR,5189,725139
2021-05-29,H&M,CA,70520,92179
2021-05-29,Metro,US,93378,656019
2021-05-29,Metro,DE,57542,506686
2021-05-29,H&M,US,89735,229525
2021-05-30,Walmart,RU,78827,509716
2021-05-30,Metro,CA,4648,31086
2021-05-30,IKEA,GB,14107,246743
2021-05-30,Prisma,RU,19334,149928
2021-05-30,IKEA,CA,15642,390640
2021-05-30,Prisma,CA,53673,330372
2021-05-30,Metro,FR,51508,46696
2021-05-31,Walmart,FR,25401,230176
2021-05-31,Metro,RU,42234,642230
2021-05-31,Prisma,DE,26586,82363
2021-05-31,IKEA,CA,15603,768368
2021-05-31,Zara,RU,90085,892217
2021-05-31,Metro,GB,4021,673320
2021-05-31,Walmart,DE,55678,673843
2021-05-31,Zara,DE,37964,572780
2021-05-31,Walmart,GB,13931,95232
2021-05-31,Prisma,CA,91267,245889
2021-06-01,Zara,US,9701,447472
2021-06-01,H&M,US,49518,720464
2021-06-01,Prisma,DE,90899,358769
2021-06-01,IKEA,US,85522,873540
2021-06-01,Metro,DE,78697,399594
2021-06-01,IKEA,FR,92070,562002
2021-06-01,Metro,FR,69602,657869
2021-06-01,IKEA,GB,83654,792234
2021-06-01,IKEA,CA,80680,435378
2021-06-01,Metro,US,99149,148890
2021-06-02,Prisma,CA,20743,871822
2021-06-02,IKEA,US,49621,950845
2021-06-02,Metro,US,43235,721146
2021-06-02,Metro,RU,97220,54680
2021-06-02,Walmart,FR,21026,881306
2021-06-02,Walmart,RU,12065,632645
2021-06-02,Prisma,US,22221,469432
2021-06-02,Prisma,RU,90612,319296
2021-06-03,Prisma,GB,71777,181642
2021-06-03,Metro,FR,16867,160096
2021-06-03,H&M,US,3032,261556
2021-06-03,Zara,US,76791,481776
2021-06-03,IKEA,DE,56714,580098
2021-06-03,Walmart,CA,63919,873001
2021-06-03,IKEA,GB,9511,488735
2021-06-03,Walmart,RU,4576,768798
2021-06-03,Metro,US,37447,727329
2021-06-04,Zara,GB,24182,679430
2021-06-04,Walmart,FR,30367,372570
2021-06-04,Walmart,US,46189,442506
2021-06-04,H&M,GB,53422,940753
2021-06-04,IKEA,CA,75426,877195
2021-06-04,Walmart,DE,60742,225204
2021-06-04,Metro,FR,86815,305991
2021-06-04,H&M,RU,21321,861045
2021-06-04,H&M,FR,2203,902829
2021-06-04,Prisma,GB,94922,473360
2021-06-04,Metro,RU,18155,629913
2021-06-04,Prisma,RU,54478,458901
2021-06-04,IKEA,DE,3581,330168
2021-06-05,Zara,DE,82431,111464
2021-06-05,Metro,FR,10846,725353
2021-06-05,Prisma,GB,73119,569437
2021-06-05,Walmart,RU,8054,897080
2021-06-05,Metro,CA,67341,148290
2021-06-05,Walmart,DE,20380,330208
2021-06-05,Walmart,CA,4071,910301
2021-06-05,Zara,FR,7413,319656
2021-06-06,IKEA,GB,5786,595234
2021-06-06,Zara,CA,94501,450082
2021-06-06,Metro,DE,60056,796145
2021-06-06,Zara,RU,59603,936885
2021-06-06,IKEA,DE,25977,85719
2021-06-06,H&M,GB,95435,293793
2021-06-07,Walmart,RU,74938,992200
2021-06-07,IKEA,RU,23822,319458
2021-06-07,IKEA,CA,7625,382871
2021-06-07,Walmart,FR,39139,708611
2021-06-07,Walmart,CA,90366,152262
2021-06-07,H&M,DE,12951,811622
2021-06-07,Prisma,DE,83023,53105
2021-06-07,Zara,DE,16317,567554
2021-06-08,Prisma,GB,65471,618248
2021-06-08,IKEA,DE,59630,280948
2021-06-08,Zara,GB,25281,134203
2021-06-08,Prisma,DE,26812,909129
2021-06-08,Walmart,DE,79954,107764
2021-06-08,IKEA,US,41691,532566
2021-06-08,H&M,RU,91042,516412
2021-06-08,H&M,FR,60941,617167
2021-06-08,Metro,DE,5026,307129
2021-06-09,H&M,US,89719,705600
2021-06-09,Walmart,DE,42883,378129
2021-06-09,IKEA,FR,19862,473590
2021-06-09,Zara,GB,62229,480542
2021-06-09,Zara,DE,14159,838717
2021-06-09,Zara,US,94025,580672
2021-06-09,Walmart,FR,93381,289499
2021-06-09,H&M,FR,421,408479
2021-06-09,Walmart,US,17224,992833
2021-06-09,Prisma,DE,34667,411519
2021-06-09,Metro,FR,36662,16846
2021-06-09,Metro,US,25836,740942
2021-06-10,IKEA,FR,90012,71377
2021-06-10,Walmart,CA,77250,38978
2021-06-10,Zara,RU,85574,557867
2021-06-10,H&M,DE,35949,149694
2021-06-10,Prisma,DE,85778,278985
2021-06-10,IKEA,CA,64981,93594
2021-06-10,Metro,CA,44826,398523
2021-06-10,Zara,DE,94223,776551
2021-06-10,IKEA,US,61744,335849
2021-06-10,Metro,DE,99408,901305
2021-06-11,Metro,US,155,524763
2021-06-11,Prisma,CA,31828,746228
2021-06-11,Prisma,US,49318,940300
2021-06-11,IKEA,FR,13815,695559
2021-06-11,Metro,GB,28270,368019
2021-06-11,Prisma,GB,48930,913232
2021-06-11,Metro,RU,54636,129521
2021-06-11,Walmart,RU,86864,302613
2021-06-12,Metro,US,57157,68515
2021-06-12,Metro,DE,61434,411384
2021-06-12,Zara,RU,41412,324671
2021-06-12,H&M,GB,85190,718833
2021-06-12,IKEA,US,60753,572527
2021-06-12,Metro,GB,80149,771312
2021-06-12,Zara,DE,33407,48227
2021-06-12,IKEA,FR,49050,53043
2021-06-12,H&M,RU,67480,553907
2021-06-13,Prisma,CA,11437,822604
2021-06-13,IKEA,FR,67200,970392
2021-06-13,IKEA,GB,399,319776
2021-06-13,H&M,RU,89269,146639
2021-06-13,Walmart,US,74711,32243
2021-06-14,IKEA,US,81035,450026
2021-06-14,Walmart,GB,3396,889963
2021-06-14,Walmart,CA,70240,653569
2021-06-14,Prisma,CA,22956,188572
2021-06-14,Zara,GB,70577,390623
2021-06-14,H&M,FR,7756,450411
2021-06-14,Metro,GB,41517,564249
2021-06-14,Prisma,GB,69529,320131
2021-06-14,Metro,DE,61660,652118
2021-06-14,IKEA,GB,64271,137248
2021-06-14,Metro,RU,95092,73820
2021-06-14,IKEA,CA,15514,297908
2021-06-15,Walmart,US,79134,662817
2021-06-15,Metro,US,42552,954609
2021-06-15,Metro,FR,93418,299856
2021-06-15,Walmart,GB,6850,368625
2021-06-15,IKEA,RU,32574,247411
2021-06-15,Zara,GB,15631,740493
2021-06-16,Zara,RU,49509,281259
2021-06-16,IKEA,DE,56557,154023
2021-06-16,Metro,US,74557,567586
2021-06-16,IKEA,GB,86210,598416
2021-06-16,Walmart,CA,13573,951050
2021-06-16,Metro,CA,91235,215486
2021-06-16,Prisma,GB,71029,476758
2021-06-16,Zara,GB,14095,43098
2021-06-16,Walmart,FR,76348,442462
2021-06-16,H&M,US,72147,873827
2021-06-17,Prisma,GB,79885,817195
2021-06-17,Zara,GB,15552,192945
2021-06-17,Zara,RU,99815,534969
2021-06-17,H&M,DE,72433,453692
2021-06-17,IKEA,RU,36213,22639
2021-06-17,Walmart,US,23704,371297
2021-06-17,H&M,GB,70701,506222
2021-06-17,Walmart,FR,33972,172323
2021-06-17,IKEA,US,55593,323957
2021-06-17,Prisma,DE,8899,746073
2021-06-18,H&M,US,32906,955734
2021-06-18,Walmart,FR,75726,959945
2021-06-18,Prisma,DE,21624,211777
2021-06-18,Zara,RU,62053,200167
2021-06-18,Walmart,CA,23500,937572
2021-06-18,Zara,CA,70994,628825
2021-06-18,Prisma,RU,29106,335199
2021-06-19,Metro,GB,89014,670802
2021-06-19,Zara,FR,45341,633168
2021-06-19,Walmart,US,44272,38650
2021-06-19,Metro,CA,37837,664246
2021-06-19,Metro,DE,19669,189886
2021-06-19,Zara,US,966,508240
2021-06-19,Metro,FR,77383,562013
2021-06-19,Walmart,CA,70004,497149
2021-06-19,Zara,GB,86404,928892
2021-06-19,Prisma,RU,59537,599131
2021-06-20,Prisma,US,25117,263431
2021-06-20,IKEA,CA,8691,845232
2021-06-20,H&M,FR,46970,832140
2021-06-20,H&M,CA,41883,611861
2021-06-20,Prisma,FR,98313,324555
2021-06-20,Walmart,US,94115,930183
2021-06-21,Zara,FR,48531,906675
2021-06-21,H&M,GB,36904,344342
2021-06-21,Prisma,US,9664,500481
2021-06-21,Prisma,DE,40204,650697
2021-06-21,Zara,GB,5466,111879
2021-06-21,Walmart,US,35705,878578
2021-06-21,Zara,US,30411,89892
2021-06-21,H&M,US,49231,20542
2021-06-21,Prisma,GB,62063,535497
2021-06-21,Walmart,FR,86759,938142
2021-06-21,H&M,RU,92984,814039
2021-06-21,Prisma,CA,9404,167963
2021-06-22,Prisma,RU,17178,642340
2021-06-22,Zara,FR,11850,822214
2021-06-22,Prisma,GB,68613,864583
2021-06-22,Metro,US,64180,687819
2021-06-22,H&M,DE,84731,560382
2021-06-23,Walmart,GB,84011,135785
2021-06-23,Prisma,FR,56526,596133
2021-06-23,Walmart,DE,49418,787409
2021-06-23,Prisma,DE,80711,643011
2021-06-23,Metro,US,54442,544725
2021-06-23,Metro,FR,19577,236352
2021-06-23,Zara,RU,96866,896900
2021-06-24,Walmart,RU,4364,557596
2021-06-24,Prisma,CA,96874,226754
2021-06-24,H&M,DE,28269,689898
2021-06-24,Prisma,DE,77044,591967
2021-06-24,H&M,FR,20473,176408
2021-06-24,Zara,GB,24683,244959
2021-06-24,Walmart,DE,61910,273730
2021-06-24,IKEA,GB,55890,907913
2021-06-24,H&M,GB,87268,169631
2021-06-24,Metro,CA,14611,662221
2021-06-25,Zara,FR,52273,525295
2021-06-25,Walmart,US,95808,906680
2021-06-25,Prisma,FR,21151,168018
2021-06-25,Metro,FR,79574,502584
2021-06-25,IKEA,FR,56070,869967
2021-06-26,H&M,GB,2227,507724
2021-06-26,Metro,FR,18540,209450
2021-06-26,H&M,CA,33182,56228
2021-06-26,Zara,RU,12208,121194
2021-06-26,IKEA,GB,31521,678395
2021-06-27,Prisma,CA,80526,529084
2021-06-27,Walmart,RU,41885,518601
2021-06-27,H&M,FR,78846,544221
2021-06-27,IKEA,DE,79769,453500
2021-06-27,Metro,CA,50045,823251
2021-06-27,H&M,RU,39517,73867
2021-06-28,Prisma,FR,61525,54049
2021-06-28,Zara,RU,1185,788625
2021-06-28,H&M,DE,27059,424583
2021-06-28,Metro,FR,58590,802321
2021-06-28,H&M,CA,14216,646626
2021-06-28,Walmart,GB,85872,576460
2021-06-28,Prisma,RU,66425,281358
2021-06-28,Walmart,DE,59452,542231
2021-06-29,Walmart,US,13919,477406
2021-06-29,Walmart,CA,45949,962364
2021-06-29,Metro,CA,86074,589200
2021-06-29,H&M,RU,81940,557864
2021-06-29,H&M,DE,37658,24069
2021-06-29,Metro,DE,65896,972183
2021-06-29,Metro,GB,25631,828124
2021-06-29,Metro,US,82011,726820
2021-06-29,Walmart,FR,27408,357427
2021-06-30,Zara,RU,81564,591843
2021-06-30,Walmart,FR,64223,184937
2021-06-30,Walmart,RU,78130,224915
2021-06-30,IKEA,GB,79224,573349
2021-06-30,Metro,GB,66317,302208
2021-06-30,Prisma,RU,76789,697825
2021-06-30,Zara,FR,16990,219701
2021-06-30,Walmart,DE,76764,712546
2021-07-01,Prisma,US,7846,544425
2021-07-01,Zara,DE,9650,622504
2021-07-01,H&M,US,32565,797336
2021-07-01,Prisma,FR,21469,671838
2021-07-01,Prisma,DE,56912,283413
2021-07-01,H&M,RU,88902,107484
2021-07-01,Metro,GB,13120,314758
2021-07-02,Prisma,RU,41055,370735
2021-07-02,Walmart,CA,54256,781456
2021-07-02,Prisma,FR,72490,340019
2021-07-02,H&M,RU,39753,374650
2021-07-02,IKEA,DE,74085,759342
2021-07-02,IKEA,CA,51194,200528
2021-07-02,Metro,DE,60851,32937
2021-07-02,H&M,FR,23070,301050
2021-07-03,Prisma,US,49582,992331
2021-07-03,Prisma,FR,3101,649485
2021-07-03,Walmart,DE,18774,754449
2021-07-03,H&M,CA,55271,584488
2021-07-03,Walmart,US,26873,455045
2021-07-03,Prisma,DE,46409,182042
2021-07-04,Metro,GB,91150,680204
2021-07-04,Prisma,RU,58792,769094
2021-07-04,IKEA,DE,64966,159901
2021-07-04,IKEA,US,94800,569707
2021-07-04,Prisma,DE,53736,376963
2021-07-04,Zara,GB,4356,202852
2021-07-04,Walmart,CA,24310,240344
2021-07-04,Walmart,GB,24227,735145
2021-07-05,Walmart,CA,92213,286571
2021-07-05,Metro,US,57664,155882
2021-07-05,IKEA,CA,53568,773146
2021-07-05,Prisma,FR,31606,320279
2021-07-05,H&M,GB,95232,707029
2021-07-05,H&M,RU,78310,215686
2021-07-05,Zara,FR,1284,921646
2021-07-05,H&M,DE,90431,752265
2021-07-05,Metro,RU,21066,730281
2021-07-06,Walmart,CA,23378,902175
2021-07-06,Metro,CA,54862,406746
2021-07-06,Metro,US,68360,544091
2021-07-06,Zara,DE,59877,234042
2021-07-06,Zara,FR,51161,412375
2021-07-06,Zara,GB,33073,610124
2021-07-06,Metro,FR,20307,659788
2021-07-06,IKEA,DE,36570,232715
2021-07-06,IKEA,CA,33362,474953
2021-07-07,IKEA,FR,18051,227275
2021-07-07,H&M,DE,89963,531845
2021-07-07,H&M,US,30320,757246
2021-07-07,Walmart,US,71147,290975
2021-07-07,Prisma,FR,56113,872023
2021-07-07,H&M,GB,34684,745063
2021-07-07,Walmart,CA,56684,604371
2021-07-07,IKEA,GB,75147,619627
2021-07-07,Prisma,DE,97884,598785
2021-07-08,Prisma,FR,97340,9314
2021-07-08,Zara,US,33528,572076
2021-07-08,Prisma,RU,17077,748652
2021-07-08,IKEA,CA,21791,54540
2021-07-08,Metro,GB,59212,142215
2021-07-08,IKEA,FR,92609,788504
2021-07-08,H&M,FR,89005,152108
2021-07-08,IKEA,RU,16813,972038
2021-07-08,Walmart,FR,68003,292549
2021-07-08,Walmart,US,50936,232104
2021-07-09,Zara,DE,2897,93995
2021-07-09,Zara,GB,70946,209832
2021-07-09,Prisma,FR,98004,783095
2021-07-09,IKEA,US,97451,839508
2021-07-09,Metro,CA,74008,756588
2021-07-09,Zara,US,13924,988361
2021-07-09,Prisma,US,78680,860211
2021-07-10,Zara,FR,40081,527370
2021-07-10,Zara,CA,45141,765474
2021-07-10,IKEA,FR,77996,936835
2021-07-10,Metro,GB,97747,926978
2021-07-10,H&M,DE,92572,317463
2021-07-11,IKEA,RU,56179,266922
2021-07-11,Metro,US,21751,539554
2021-07-11,Prisma,RU,75938,941389
2021-07-11,H&M,DE,50311,520680
2021-07-11,Zara,FR,56660,516542
2021-07-11,Walmart,GB,47507,47685
2021-07-11,Prisma,CA,27546,895256
2021-07-12,Metro,US,6449,31047
2021-07-12,Metro,GB,21144,122671
2021-07-12,H&M,GB,87302,775998
2021-07-12,Walmart,FR,2651,694526
2021-07-12,Zara,US,71849,591926
2021-07-12,Prisma,US,37292,487295
2021-07-12,Zara,FR,78060,181062
2021-07-12,H&M,US,49138,900385
2021-07-13,Zara,US,7943,92026
2021-07-13,IKEA,GB,83301,503861
2021-07-13,Walmart,CA,75220,393370
2021-07-13,Walmart,DE,20994,41481
2021-07-13,Walmart,FR,96355,930064
2021-07-13,Zara,DE,46669,224741
2021-07-13,Prisma,RU,88289,817180
2021-07-13,Walmart,GB,27781,755885
2021-07-13,Zara,FR,58838,795946
2021-07-13,H&M,FR,92957,823344
2021-07-14,H&M,GB,63221,574987
2021-07-14,Walmart,RU,49166,87282
2021-07-14,Walmart,GB,37922,479916
2021-07-14,Prisma,GB,89974,678818
2021-07-14,IKEA,US,94244,367327
2021-07-14,Prisma,DE,92699,845962
2021-07-14,Metro,US,68993,68869
2021-07-14,Prisma,CA,44390,996991
2021-07-14,Walmart,CA,27682,306384
2021-07-14,Metro,RU,67700,844078
2021-07-14,IKEA,DE,63344,228256
2021-07-15,Zara,RU,68414,872631
2021-07-15,IKEA,DE,65712,231584
2021-07-15,H&M,GB,31650,643306
2021-07-15,H&M,CA,59318,470101
2021-07-15,Walmart,CA,16843,130197
2021-07-15,Prisma,CA,39023,774238
2021-07-15,H&M,RU,21247,262874
2021-07-15,Metro,FR,57872,684039
2021-07-15,IKEA,US,19044,394467
2021-07-15,H&M,US,87553,249367
2021-07-15,Prisma,DE,40261,558464
2021-07-16,Walmart,CA,52072,672766
2021-07-16,Metro,RU,92825,298150
2021-07-16,IKEA,FR,6106,51887
2021-07-16,Metro,CA,275,624684
2021-07-16,H&M,DE,31995,704684
2021-07-16,Prisma,CA,30971,538282
2021-07-17,IKEA,RU,64578,139785
2021-07-17,H&M,RU,19662,12135
2021-07-17,Metro,US,90867,311455
2021-07-17,Zara,RU,10611,475567
2021-07-17,Zara,DE,31768,656903
2021-07-17,Metro,FR,69716,225316
2021-07-17,H&M,DE,7836,880794
2021-07-17,Walmart,RU,70849,999891
2021-07-17,IKEA,FR,93788,347593
2021-07-17,H&M,US,94205,64794
2021-07-18,Walmart,FR,87701,31939
2021-07-18,Walmart,CA,9071,888842
2021-07-18,Zara,DE,11566,101504
2021-07-18,Zara,GB,23262,244489
2021-07-18,H&M,GB,74079,455882
2021-07-19,Zara,GB,95683,922748
2021-07-19,IKEA,GB,17095,198134
2021-07-19,IKEA,DE,51915,35587
2021-07-19,Metro,GB,84891,940728
2021-07-19,Walmart,RU,27663,679872
2021-07-19,IKEA,RU,1036,345620
2021-07-19,IKEA,FR,76127,1516
2021-07-19,Zara,DE,36399,729834
2021-07-19,H&M,DE,52739,910716
2021-07-19,Prisma,US,58427,296080
2021-07-19,Zara,US,25521,811133
2021-07-20,Zara,FR,48031,799215
2021-07-20,Metro,CA,97325,142552
2021-07-20,Prisma,US,13468,679777
2021-07-20,Walmart,RU,65280,932773
2021-07-20,Zara,RU,54582,373399
2021-07-20,Zara,US,35886,625947
2021-07-20,Metro,DE,64106,400567
2021-07-20,H&M,FR,68446,816705
2021-07-20,Walmart,DE,41033,120241
2021-07-20,Zara,DE,2445,470369
2021-07-20,Prisma,RU,34046,84687
2021-07-20,Walmart,US,54642,368744
2021-07-21,Prisma,GB,34296,604112
2021-07-21,Walmart,US,62919,141367
2021-07-21,H&M,FR,3037,839841
2021-07-21,H&M,US,22163,942962
2021-07-21,Zara,FR,6654,274710
2021-07-21,IKEA,CA,57512,467774
2021-07-21,IKEA,DE,98397,587863
2021-07-21,Metro,GB,48516,329482
2021-07-21,Prisma,CA,73627,280212
2021-07-22,Prisma,RU,69026,617190
2021-07-22,Walmart,US,90969,500384
2021-07-22,IKEA,GB,22209,591517
2021-07-22,Metro,RU,70125,884267
2021-07-22,H&M,US,82209,703618
2021-07-22,IKEA,CA,18057,754724
2021-07-22,H&M,GB,59721,346812
2021-07-22,Metro,DE,64895,260211
2021-07-22,Prisma,FR,36414,484351
